{"cameraMode":{"drawMode":0,"name":"Shaded","section":"Shading Mode"},"sceneLighting":false,"audioPlay":false,"sceneViewState":{"m_AlwaysRefresh":false,"showFog":true,"showSkybox":true,"showFlares":true,"showImageEffects":true,"showParticleSystems":true,"showVisualEffectGraphs":true,"m_FxEnabled":true},"in2DMode":false,"pivot":{"x":512.8322143554688,"y":454.4315185546875,"z":-556.6290893554688},"rotation":{"x":0.02280758135020733,"y":0.005993301514536142,"z":-0.0001371758698951453,"w":0.9997286796569824},"size":315.16278076171877,"orthographic":false}