{
    "transforms": [
        -7.256959915161133,
        -2.95436429977417,
        0.0,
        2.2718007564544679,
        3.0,
        0.8632083535194397,
        -2.681143045425415,
        -1.6466858386993409,
        0.0,
        2.0,
        2.0,
        2.0,
        4.158939361572266,
        -1.0977911949157715,
        0.0,
        2.0,
        1.399999976158142,
        2.0,
        3.4833736419677736,
        1.203347086906433,
        0.0,
        1.0,
        1.0,
        1.0
    ],
    "ids": [
        "to_save_paralelipiped",
        "to_save_cub",
        "to_save_plan_inclinat",
        "to_save_bila"
    ],
    "rotations": [
        {
            "x": -0.7071068286895752,
            "y": 0.0,
            "z": 0.0,
            "w": 0.7071067094802856
        },
        {
            "x": -0.7071068286895752,
            "y": 0.0,
            "z": 0.0,
            "w": 0.7071067094802856
        },
        {
            "x": -0.7071068286895752,
            "y": 0.0,
            "z": 0.0,
            "w": 0.7071067094802856
        },
        {
            "x": -0.7071068286895752,
            "y": 0.0,
            "z": 0.0,
            "w": 0.7071067094802856
        }
    ],
    "tag": []
}