{
    "transforms": [
        6.143404006958008,
        2.2800259590148927,
        0.0,
        2.0,
        2.0,
        2.0,
        -2.7233657836914064,
        -2.4489169120788576,
        0.0,
        1.0,
        3.0,
        2.0,
        0.6333420276641846,
        1.2244582176208497,
        0.0,
        2.0,
        1.399999976158142,
        2.0,
        -6.903414726257324,
        0.9288980960845947,
        0.0,
        2.0,
        1.399999976158142,
        2.0
    ],
    "ids": [
        "to_save_cub",
        "to_save_paralelipiped",
        "to_save_plan_inclinat",
        "to_save_plan_inclinat"
    ],
    "rotations": [
        {
            "x": -0.8555138111114502,
            "y": 0.13134190440177918,
            "z": 0.2640077769756317,
            "w": 0.4256117641925812
        },
        {
            "x": -0.8445149064064026,
            "y": 0.0,
            "z": 0.0,
            "w": 0.5355320572853088
        },
        {
            "x": -0.9906529188156128,
            "y": 0.0,
            "z": 0.0,
            "w": 0.13640721142292024
        },
        {
            "x": -0.8445149064064026,
            "y": 0.0,
            "z": 0.0,
            "w": 0.5355320572853088
        }
    ]
}