{
    "transforms": [
        -1.8366882801055909,
        -1.3089046478271485,
        0.0,
        2.0,
        2.0,
        2.0,
        0.5331299901008606,
        -0.7165591716766357,
        0.0,
        2.2718007564544679,
        3.0,
        0.8632083535194397,
        3.6100423336029054,
        1.6677966117858887,
        0.0,
        2.0,
        1.399999976158142,
        2.0
    ],
    "ids": [
        "to_save_cub",
        "to_save_paralelipiped",
        "to_save_plan_inclinat"
    ],
    "rotations": [
        {
            "x": -0.7071068286895752,
            "y": 0.0,
            "z": 0.0,
            "w": 0.7071067094802856
        },
        {
            "x": -0.7071068286895752,
            "y": 0.0,
            "z": 0.0,
            "w": 0.7071067094802856
        },
        {
            "x": -0.7071068286895752,
            "y": 0.0,
            "z": 0.0,
            "w": 0.7071067094802856
        }
    ]
}