{
    "transforms": [
        -0.4681129455566406,
        -2.2767302989959719,
        0.0,
        10.0,
        0.20000000298023225,
        2.0,
        -7.08552360534668,
        -0.659614086151123,
        0.0,
        5.0,
        0.5,
        2.0,
        4.727548599243164,
        -1.638394832611084,
        0.0,
        -5.0,
        1.0,
        1.0,
        -8.000472068786621,
        2.659731149673462,
        0.0,
        1.0,
        1.0,
        1.0
    ],
    "ids": [
        "to_save_cub",
        "to_save_plan_inclinat",
        "to_save_resort",
        "to_save_bila"
    ],
    "rotations": [
        {
            "x": 0.0,
            "y": 0.0,
            "z": 0.0,
            "w": 1.0
        },
        {
            "x": 0.0,
            "y": 0.0,
            "z": -0.3826834261417389,
            "w": 0.9238795638084412
        },
        {
            "x": 0.0,
            "y": 0.0,
            "z": 0.0,
            "w": 1.0
        },
        {
            "x": 0.0,
            "y": 0.0,
            "z": 0.0,
            "w": 1.0
        }
    ],
    "tag": []
}