{
    "transforms": [
        -5.5891642570495609,
        -2.5321359634399416,
        0.0,
        2.2718007564544679,
        3.0,
        0.8632083535194397,
        7.4100847244262699,
        2.111135959625244,
        0.0,
        2.0,
        1.399999976158142,
        2.0,
        -10.006783485412598,
        2.448915719985962,
        0.0,
        2.0,
        2.0,
        2.0,
        -0.9235522747039795,
        3.716825485229492,
        0.0,
        2.2718007564544679,
        3.0,
        0.8632083535194397
    ],
    "ids": [
        "to_save_paralelipiped",
        "to_save_plan_inclinat",
        "to_save_cub",
        "to_save_paralelipiped"
    ],
    "rotations": [
        {
            "x": -0.7071068286895752,
            "y": 0.0,
            "z": 0.0,
            "w": 0.7071067094802856
        },
        {
            "x": -0.7071068286895752,
            "y": 0.0,
            "z": 0.0,
            "w": 0.7071067094802856
        },
        {
            "x": -0.7071068286895752,
            "y": 0.0,
            "z": 0.0,
            "w": 0.7071067094802856
        },
        {
            "x": -0.7071068286895752,
            "y": 0.0,
            "z": 0.0,
            "w": 0.7071067094802856
        }
    ]
}