{
    "transforms": [
        -8.255805015563965,
        3.191678047180176,
        0.0,
        1.0,
        1.0,
        1.0,
        4.25943660736084,
        -0.893670380115509,
        0.0,
        -5.0,
        1.0,
        1.0,
        -0.829836368560791,
        -1.5958384275436402,
        0.0,
        10.0,
        0.20000000298023225,
        2.0,
        -7.213191032409668,
        -0.021277546882629396,
        0.0,
        5.0,
        0.5,
        2.0
    ],
    "ids": [
        "to_save_bila",
        "to_save_resort",
        "to_save_cub",
        "to_save_plan_inclinat"
    ],
    "rotations": [
        {
            "x": -0.7071068286895752,
            "y": 0.0,
            "z": 0.0,
            "w": 0.7071067094802856
        },
        {
            "x": 0.0,
            "y": 0.0,
            "z": 0.0,
            "w": 1.0
        },
        {
            "x": 0.0,
            "y": 0.0,
            "z": 0.0,
            "w": 1.0
        },
        {
            "x": 0.0,
            "y": 0.0,
            "z": -0.3826834261417389,
            "w": 0.9238795638084412
        }
    ],
    "tag": []
}