{
    "transforms": [
        -3.3567054271698,
        0.7177869081497192,
        0.0,
        1.0,
        3.0,
        2.0,
        -2.744476318359375,
        -2.8500332832336427,
        0.0,
        2.0,
        2.0,
        2.0,
        -5.868957042694092,
        -2.7022533416748049,
        0.0,
        2.0,
        2.0,
        2.0,
        2.5333619117736818,
        0.12666797637939454,
        0.0,
        2.0,
        1.399999976158142,
        2.0
    ],
    "ids": [
        "to_save_paralelipiped",
        "to_save_cub",
        "to_save_cub",
        "to_save_plan_inclinat"
    ],
    "rotations": [
        {
            "x": -0.7305901050567627,
            "y": -0.1592618227005005,
            "z": 0.6406999230384827,
            "w": 0.17429135739803315
        },
        {
            "x": -0.6038984656333923,
            "y": 0.3599449098110199,
            "z": 0.30353057384490969,
            "w": 0.6431294083595276
        },
        {
            "x": -0.6717997789382935,
            "y": 0.2531353831291199,
            "z": 0.40538856387138369,
            "w": 0.5659219622612
        },
        {
            "x": -0.6717997789382935,
            "y": 0.2531353831291199,
            "z": 0.40538856387138369,
            "w": 0.5659219622612
        }
    ]
}