{
    "transforms": [
        -4.936460494995117,
        -1.8724502325057984,
        0.0,
        1.0,
        1.0,
        1.0,
        -0.7021694183349609,
        -2.638453483581543,
        0.0,
        10.0,
        0.5299999713897705,
        2.0,
        -10.234643936157227,
        3.9151248931884767,
        0.0,
        2.0,
        1.399999976158142,
        2.0,
        4.344548225402832,
        -1.9150054454803467,
        0.0,
        -5.0,
        1.0,
        1.0
    ],
    "ids": [
        "to_save_bila",
        "to_save_cub",
        "to_save_plan_inclinat",
        "to_save_resort"
    ],
    "rotations": [
        {
            "x": -0.7071068286895752,
            "y": 0.0,
            "z": 0.0,
            "w": 0.7071067094802856
        },
        {
            "x": 0.0,
            "y": 0.0,
            "z": 0.0,
            "w": 1.0
        },
        {
            "x": -0.7071068286895752,
            "y": 0.0,
            "z": 0.0,
            "w": 0.7071067094802856
        },
        {
            "x": 0.0,
            "y": 0.0,
            "z": 0.0,
            "w": 1.0
        }
    ],
    "tag": []
}