{
    "transforms": [
        -5.847843647003174,
        -2.8922579288482668,
        0.0,
        1.0,
        3.0,
        2.0,
        7.030082702636719,
        0.6544516086578369,
        0.0,
        2.0,
        2.0,
        2.0,
        1.055567741394043,
        0.5488953590393066,
        0.0,
        2.0,
        1.399999976158142,
        2.0
    ],
    "ids": [
        "to_save_paralelipiped",
        "to_save_cub",
        "to_save_plan_inclinat"
    ],
    "rotations": [
        {
            "x": -0.7071068286895752,
            "y": 0.0,
            "z": 0.0,
            "w": 0.7071067094802856
        },
        {
            "x": -0.7071068286895752,
            "y": 0.0,
            "z": 0.0,
            "w": 0.7071067094802856
        },
        {
            "x": -0.7071068286895752,
            "y": 0.0,
            "z": 0.0,
            "w": 0.7071067094802856
        }
    ]
}