{
    "transforms": [
        4.3278279304504398,
        2.6600303649902345,
        0.0,
        1.0,
        1.0,
        1.0,
        -5.5047149658203129,
        0.19123053550720216,
        0.0,
        2.2718007564544679,
        3.0,
        0.8632083535194397,
        4.074492454528809,
        0.5911176204681397,
        0.0,
        2.0,
        1.399999976158142,
        2.0
    ],
    "ids": [
        "to_save_bila",
        "to_save_paralelipiped",
        "to_save_plan_inclinat"
    ],
    "rotations": [
        {
            "x": -0.7071068286895752,
            "y": 0.0,
            "z": 0.0,
            "w": 0.7071067094802856
        },
        {
            "x": -0.7071068286895752,
            "y": 0.0,
            "z": 0.0,
            "w": 0.7071067094802856
        },
        {
            "x": -0.7071068286895752,
            "y": 0.0,
            "z": 0.0,
            "w": 0.7071067094802856
        }
    ],
    "tag": []
}