{
    "transforms": [
        5.826733589172363,
        2.7022533416748049,
        0.0,
        2.0,
        1.399999976158142,
        2.0,
        -7.790089130401611,
        0.5277828574180603,
        0.0,
        2.0,
        2.0,
        2.0,
        -3.92136549949646,
        -1.624347448348999,
        0.0,
        2.2718007564544679,
        3.0,
        0.8632083535194397
    ],
    "ids": [
        "to_save_plan_inclinat",
        "to_save_cub",
        "to_save_paralelipiped"
    ],
    "rotations": [
        {
            "x": -0.7071068286895752,
            "y": 0.0,
            "z": 0.0,
            "w": 0.7071067094802856
        },
        {
            "x": -0.7071068286895752,
            "y": 0.0,
            "z": 0.0,
            "w": 0.7071067094802856
        },
        {
            "x": -0.7071068286895752,
            "y": 0.0,
            "z": 0.0,
            "w": 0.7071067094802856
        }
    ]
}